{"cameraMode":{"drawMode":0,"name":"Shaded","section":"Shading Mode"},"sceneLighting":false,"audioPlay":false,"sceneViewState":{"showFog":true,"showMaterialUpdate":false,"showSkybox":false,"showFlares":true,"showImageEffects":true,"showParticleSystems":true},"in2DMode":false,"pivot":{"x":-0.4868604242801666,"y":-2.886406183242798,"z":-0.1821497678756714},"rotation":{"x":0.007789385970681906,"y":-0.278272420167923,"z":0.0022567049600183965,"w":0.9604690670967102},"size":0.6775001287460327,"orthographic":false}