{"cameraMode":{"drawMode":0,"name":"Shaded","section":"Shading Mode"},"sceneLighting":false,"audioPlay":false,"sceneViewState":{"showFog":true,"showMaterialUpdate":false,"showSkybox":false,"showFlares":true,"showImageEffects":true,"showParticleSystems":true},"in2DMode":false,"pivot":{"x":1.9105641841888428,"y":0.05746285244822502,"z":-0.006382775958627462},"rotation":{"x":0.09016712009906769,"y":0.6944707036018372,"z":-0.08840060234069824,"w":0.7083633542060852},"size":0.8078462481498718,"orthographic":false}